CREATE DATABASE `DOC` 
USE `DOC`;
/* Создание структуры */
CREATE TABLE `Авторы` (
`Код автора` INT NOT NULL AUTO_INCREMENT,
`ФИО` VARCHAR(60) NOT NULL,
PRIMARY KEY (`Код автора`)
);
CREATE TABLE `Издательства` (
`Код издательства` INT NOT NULL AUTO_INCREMENT,
`Название` VARCHAR(60) NOT NULL,
`Город` VARCHAR(40) NOT NULL,
PRIMARY KEY (`Код издательства`)
);
CREATE TABLE `Должности` (
`Код должности` INT NOT NULL AUTO_INCREMENT,
`Должность` VARCHAR(40) NOT NULL,
PRIMARY KEY (`Код должности`)
);
CREATE TABLE `Настроечная` (
`Название института` VARCHAR(160) NOT NULL,
`Юридический адрес` VARCHAR(120) NOT NULL,
`ФИО руководителя` VARCHAR(60) NOT NULL,
`Код должности` INT NOT NULL,
CONSTRAINT `FK_General_Appointments` FOREIGN KEY (`Код должности`) REFERENCES `должности` (`Код должности`) ON UPDATE CASCADE
);
CREATE TABLE `Читательские билеты` (
`№ читательского билета` INT NOT NULL AUTO_INCREMENT,
`ФИО` VARCHAR(60) NOT NULL,
`Телефон` VARCHAR(20) NOT NULL,
`Код должности` INT NOT NULL,
`Домашний адрес` VARCHAR(120) NOT NULL,
PRIMARY KEY (`№ читательского билета`),
CONSTRAINT `FK_Appointment_BookTickets` FOREIGN KEY (`Код должности`) REFERENCES `должности` (`Код должности`) ON UPDATE CASCADE
);
CREATE TABLE `Книги` (
`ISBN` VARCHAR(20) NOT NULL,
`ББК` VARCHAR(16) NOT NULL,
`УДК` VARCHAR(24) NOT NULL,
`Название` VARCHAR(160) NOT NULL,
`Год выхода` INT NOT NULL,
`Код издательства` INT NOT NULL,
`Количество страниц` INT NOT NULL,
`Цена` INT NOT NULL,
PRIMARY KEY (`ISBN`),
CONSTRAINT `FK_Publishers_Books` FOREIGN KEY (`Код издательства`) REFERENCES `издательства` (`Код издательства`) ON UPDATE CASCADE
);
CREATE TABLE `Книги-авторы` (
`ISBN` VARCHAR(20) NOT NULL,
`Код автора` INT NOT NULL,
PRIMARY KEY (`ISBN`, `Код автора`),
CONSTRAINT `FK_Books_BooksAuthors` FOREIGN KEY (`ISBN`) REFERENCES `книги` (`ISBN`) ON UPDATE CASCADE,
CONSTRAINT `FK_Authors_BooksAuthors` FOREIGN KEY (`Код автора`) REFERENCES `авторы` (`Код автора`) ON UPDATE CASCADE
);
CREATE TABLE `Экземпляры` (
`№ инвентарный` INT NOT NULL,
`ISBN` VARCHAR(20) NOT NULL,
PRIMARY KEY (`№ инвентарный`),
CONSTRAINT `FK_Books_Instances` FOREIGN KEY (`ISBN`) REFERENCES `книги` (`ISBN`) ON UPDATE NO ACTION
);
CREATE TABLE `Книговыдача` (
`№ инвентарный` INT NOT NULL,
`№ читательского билета` INT NOT NULL,
`Дата выдачи` DATE NOT NULL,
`Дата возврата` DATE NULL,
PRIMARY KEY (`№ инвентарный`, `№ читательского билета`, `Дата выдачи`),
CONSTRAINT `FK_Instances_DeliveryOfBooks` FOREIGN KEY (`№ инвентарный`) REFERENCES `экземпляры` (`№ инвентарный`) ON UPDATE CASCADE,
CONSTRAINT `FK_Tickets_DeliveryOfBooks` FOREIGN KEY (`№ читательского билета`) REFERENCES `читательские билеты` (`№ читательского билета`) ON UPDATE CASCADE
);
/* Заполнение БД */
INSERT INTO `авторы` (`ФИО`) VALUES
('Новиков Ф.А.'),
('Шаворев С.Д.'),
('Киреев А.П.'),
('Киреев П.А.'),
('Стариченко Т.Н.'),
('Девятко И.Ф.');
INSERT INTO `должности` (`Должность`) VALUES
('Студент'),
('Доцент'),
('Ст. преподаватель'),
('Ассистент'),
('Профессор'),
('Зав. библиотекой'),
('Библиотекарь'),
('Ректор');
INSERT INTO `издательства` (`Название`, `Город`) VALUES
('Питер', 'СПб'),
('БХВ-Петербург', 'СПб'),
('Финансы и статистика', 'Мск'),
('ИНФА-М', 'Новосибирск');
INSERT INTO `книги` (`ISBN`, `ББК`, `УДК`, `Название`, `Год выхода`, `Код издательства`, `Количество страниц`, `Цена`) VALUES
('5-279-01941-0', '60.6я73', '311(075.8)', 'Практикум по теории статистики', 2001, (SELECT `Код издательства` FROM `издательства` WHERE `Название` = 'Финансы и статистика'), 416, 230),
('5-93196-328-6', '65.01с77', '373:33', 'Экономика: Практикум', 2004, (SELECT `Код издательства` FROM `издательства` WHERE `Название` = 'Финансы и статистика'), 296, 230),
('5-94723-672-9', '22.1я7', '51(075)', 'Математика для экономистов', 2007, (SELECT `Код издательства` FROM `издательства` WHERE `Название` = 'Питер'), 464, 430),
('978-5-459-00452-6', '22.174я7', '519.17(075)', 'Дискретная математика', 2011, (SELECT `Код издательства` FROM `издательства` WHERE `Название` = 'Питер'), 384, 400),
('978-5-94157-703-3', '32.973я73', '681.3.006-519.6(075.8)', 'Дискретная математика. Курс лекций и практический занятий', 2007, (SELECT `Код издательства` FROM `издательства` WHERE `Название` = 'БХВ-Петербург'), 400, 380),
('978-5-9558-0151-3', '65.012.1я73', '330.101.542(075.8)', 'Микроэкономика для продвинутых: Задачи и решения: Учебное пособие', 2011, (SELECT `Код издательства` FROM `издательства` WHERE `Название` = 'ИНФА-М'), 160, 229),
('978-5-98227-606-3', '60.5в6', '30', 'Методы социологического исследования: Учебное пособие', 2009, (SELECT `Код издательства` FROM `издательства` WHERE `Название` = 'ИНФА-М'), 296, 310);
INSERT INTO `настроечная` (`Название института`, `Юридический адрес`, `ФИО руководителя`, `Код должности`) VALUES
('НГОУ ВПО Институт Коммерции и Права (на Таганке)', '109147, Москва, Большой факельный пер., д. 38А', 'Ершов В.Б.', (SELECT `Код должности` FROM `должности` WHERE `Должность` = 'Ректор'));
INSERT INTO `читательские билеты` (`ФИО`, `Телефон`, `Код должности`, `Домашний адрес`) VALUES 
('Иванов С.В.', '8 (495) 912-54-18', (SELECT `Код должности` FROM `должности` WHERE `Должность` = 'Студент'), '432356, Курск, ул. Темерязьева, д. 34, кв. 24'),
('Сидоров С.Ю.', '8 (909) 123-34-56', (SELECT `Код должности` FROM `должности` WHERE `Должность` = 'Доцент'), '432367, Котельники, м-н Силикат, д. 45, кв. 12'),
('Фонвизина А.И.', '8 (904) 123-43-56', (SELECT `Код должности` FROM `должности` WHERE `Должность` = 'Зав. библиотекой'), '333333, Мичуринск, пр-кт Маркса, д. 90, кв. 342'),
('Петров И.С.', '8 (495) 911-39-35', (SELECT `Код должности` FROM `должности` WHERE `Должность` = 'Профессор'), '222234, Москва, ул. Королева, д. 12, кв. 56'),
('Воротенко Н.Ф.', '8 (495) 912-54-18', (SELECT `Код должности` FROM `должности` WHERE `Должность` = 'Студент'), '554567, Нижние Васюки, ул. Ленина, д. 56'),
('Колосов П.С.', '8 (906) 758-84-92', (SELECT `Код должности` FROM `должности` WHERE `Должность` = 'Студент'), '556544, Московская обл., с. Куровское, ул. Комсомольская');
INSERT INTO `экземпляры` (`№ инвентарный`, `ISBN`) VALUES 
(10533, '978-5-459-00452-6'),
(10534, '978-5-459-00452-6'),
(10535, '978-5-459-00452-6'),
(10536, '978-5-94157-703-3'),
(10537, '978-5-94157-703-3'),
(10564, '5-279-01941-0'),
(10565, '5-279-01941-0'),
(10566, '5-279-01941-0'),
(20001, '5-93196-328-6'),
(20002, '5-93196-328-6'),
(20010, '5-94723-672-9'),
(20011, '978-5-98227-606-3'),
(20012, '978-5-98227-606-3'),
(20345, '978-5-9558-0151-3'),
(20346, '978-5-9558-0151-3');
INSERT INTO `книговыдача` (`№ инвентарный`, `№ читательского билета`, `Дата выдачи`, `Дата возврата`) VALUES 
(10533, (SELECT `№ читательского билета` FROM `читательские билеты` WHERE `ФИО` = 'Иванов С.В.'), '2012-12-23', NULL),
(10534, (SELECT `№ читательского билета` FROM `читательские билеты` WHERE `ФИО` = 'Иванов С.В.'), '2012-10-02', '2012-12-07'),
(10536, (SELECT `№ читательского билета` FROM `читательские билеты` WHERE `ФИО` = 'Сидоров С.Ю.'), '2012-12-23', NULL),
(20010, (SELECT `№ читательского билета` FROM `читательские билеты` WHERE `ФИО` = 'Сидоров С.Ю.'), '2012-12-23', '2012-12-04'),
(10564, (SELECT `№ читательского билета` FROM `читательские билеты` WHERE `ФИО` = 'Фонвизина А.И.'), '2012-10-02', NULL),
(20001, (SELECT `№ читательского билета` FROM `читательские билеты` WHERE `ФИО` = 'Петров И.С.'), '2012-07-05', NULL),
(20345, (SELECT `№ читательского билета` FROM `читательские билеты` WHERE `ФИО` = 'Петров И.С.'), '2012-05-22', NULL),
(20346, (SELECT `№ читательского билета` FROM `читательские билеты` WHERE `ФИО` = 'Петров И.С.'), '2012-06-04', NULL);
INSERT INTO `книги-авторы` (`ISBN`, `Код автора`) VALUES 
((SELECT `ISBN` FROM `книги` WHERE `Название` = 'Практикум по теории статистики'), (SELECT `Код автора` FROM `авторы` WHERE `ФИО` = 'Шаворев С.Д.')),
((SELECT `ISBN` FROM `книги` WHERE `Название` = 'Практикум по теории статистики'), (SELECT `Код автора` FROM `авторы` WHERE `ФИО` = 'Киреев А.П.')),
((SELECT `ISBN` FROM `книги` WHERE `Название` = 'Практикум по теории статистики'), (SELECT `Код автора` FROM `авторы` WHERE `ФИО` = 'Стариченко Т.Н.')),
((SELECT `ISBN` FROM `книги` WHERE `Название` = 'Экономика: Практикум'), (SELECT `Код автора` FROM `авторы` WHERE `ФИО` = 'Стариченко Т.Н.')),
((SELECT `ISBN` FROM `книги` WHERE `Название` = 'Математика для экономистов'), (SELECT `Код автора` FROM `авторы` WHERE `ФИО` = 'Новиков Ф.А.')),
((SELECT `ISBN` FROM `книги` WHERE `Название` = 'Математика для экономистов'), (SELECT `Код автора` FROM `авторы` WHERE `ФИО` = 'Киреев А.П.')),
((SELECT `ISBN` FROM `книги` WHERE `Название` = 'Дискретная математика'), (SELECT `Код автора` FROM `авторы` WHERE `ФИО` = 'Новиков Ф.А.')),
((SELECT `ISBN` FROM `книги` WHERE `Название` = 'Дискретная математика. Курс лекций и практический занятий'), (SELECT `Код автора` FROM `авторы` WHERE `ФИО` = 'Шаворев С.Д.')),
((SELECT `ISBN` FROM `книги` WHERE `Название` = 'Микроэкономика для продвинутых: Задачи и решения: Учебное пособие'), (SELECT `Код автора` FROM `авторы` WHERE `ФИО` = 'Киреев А.П.')),
((SELECT `ISBN` FROM `книги` WHERE `Название` = 'Микроэкономика для продвинутых: Задачи и решения: Учебное пособие'), (SELECT `Код автора` FROM `авторы` WHERE `ФИО` = 'Киреев П.А.')),
((SELECT `ISBN` FROM `книги` WHERE `Название` = 'Методы социологического исследования: Учебное пособие'), (SELECT `Код автора` FROM `авторы` WHERE `ФИО` = 'Девятко И.Ф.'));
/*1*/
select `Издательства`.`Код издательства`, `Издательства`.`Название`, `Издательства`.`Город`, COUNT(DISTINCT `Код автора`) as `Авторы`
from (`Издательства` inner join `Книги` on `Издательства`.`Код издательства` = `Книги`.`Код издательства`) inner join `Книги-Авторы` on `Книги`.ISBN = `Книги-Авторы`.ISBN
group by `Издательства`.`Код издательства`, `Издательства`.`Название`, `Издательства`.`Город`;

/*2*/
select `Авторы`.`Код автора`, `Авторы`.`ФИО`, `Книги-Авторы`.ISBN, `Книги`.`Название`
from (`Авторы` inner join `Книги-Авторы` ON `Авторы`.`Код автора` = `Книги-Авторы`.`Код автора`) inner join `Книги` ON `Книги`.ISBN = `Книги-Авторы`.ISBN 
where `Авторы`.`ФИО` Like "%ов %"; 
/*3*/
select `Книги`.ISBN, `Книги`.`Название`, COUNT(`Экземпляры`.`№ инвентарный`) AS `Экземпляров`
from `Книги` inner join `Экземпляры` ON `Книги`.ISBN = `Экземпляры`.ISBN
where `Книги`.`Год выхода`=2007
group by 1,2;
/*4*/
select count(`Экземпляры`.`№ инвентарный`) 
from `Экземпляры`;
/*5*/
SELECT `Читательские билеты`.`№ читательского билета`,`ФИО`, COUNT(`Книговыдача`.`№ инвентарный`) AS `Книг на руках`
from `Книговыдача` inner join `Читательские билеты` on `Читательские билеты`.`№ читательского билета`=`Книговыдача`.`№ читательского билета`
WHERE `Дата возврата` IS NULL AND `ФИО` LIKE "%ов%"
group BY 1,2;
/*6*/
select `№ читательского билета`, `ФИО`, (select Count(`Книговыдача`.`№ инвентарный`) from `Книговыдача` 
where (`Книговыдача`.`Дата возврата` is null) and (`№ читательского билета` =`Читательские билеты`.`№ читательского билета`)) as a
from `Читательские билеты` 
order by a desc limit 0,3;
/*7*/
select `Книги`.ISBN,`Книги`.`Название`,`Издательства`.`Название`,`Книги`.`Год выхода`,`Книги`.`Цена`
from `Книги` inner join `Издательства` on `Издательства`.`Код издательства`=`Книги`.`Код издательства`
where `Цена` BETWEEN 100 AND 1000
order by 1,2,3,4;

/*8*/
select `Авторы`.`Код автора`,`Авторы`.`ФИО`,count(`Книги-Авторы`.ISBN) AS `Книг`
from `Книги-Авторы` inner join `Авторы` on `Авторы`.`Код автора`=`Книги-Авторы`.`Код автора`
group by 1,2
HAVING `Книг`>2;
/*9*/
select `Книговыдача`.`Дата выдачи`,count(`Книговыдача`.`№ инвентарный`) AS `Книг`
from `Книговыдача`
group by 1
order BY `книг` desc limit 0,1;

/*11*/
select `№ читательского билета`,`ФИО`,`Код должности`,`Телефон`
from `Читательские билеты`
where `Телефон` Like "%54%" or "%6%";

/*12*/
SELECT `Читательские билеты`.`№ читательского билета`,`Должности`.`Должность`, `Читательские билеты`.`ФИО`,Count(`Книговыдача`.`№ инвентарный`) AS `Книги`
FROM (`Должности` inner join `Читательские билеты` ON `Читательские билеты`.`Код должности`=`Должности`.`Код должности`) inner JOIN `Книговыдача` on `Читательские билеты`.`№ читательского билета`=`Книговыдача`.`№ читательского билета`
group BY 1,3,2
order BY `Книги` desc;
/*13*/
select `Книги`.ISBN, `Название`,`Год выхода`, count(`Экземпляры`.ISBN) AS `Кол-во взятий`, `Книговыдача`.`Дата выдачи`
from `Книги` inner join `Экземпляры` on `Книги`.ISBN=`Экземпляры`.ISBN inner join `Книговыдача` on `Экземпляры`.`№ инвентарный`=`Книговыдача`.`№ инвентарный`
group by `Книги`.ISBN, `Книги`.`Название`,`Книги`.`Год выхода`
ORDER BY `Кол-во взятий` DESC;
/*14*/
select `Читательские билеты`.`№ читательского билета`, `Читательские билеты`.`ФИО`, `Читательские билеты`.`Телефон`,`Книговыдача`.`Дата выдачи`, `Книги`.ISBN, `Книги`.`Название`
from ((`Книги` inner join `Экземпляры` on `Книги`.ISBN=`Экземпляры`.ISBN) inner join `Книговыдача` on `Экземпляры`.`№ инвентарный`=`Книговыдача`.`№ инвентарный`) inner join `Читательские билеты` on
`Книговыдача`.`№ читательского билета`=`Читательские билеты`.`№ читательского билета`
where (TIMESTAMPDIFF (day, `Книговыдача`.`Дата выдачи` ,'2013-01-01') >9) and (`Книговыдача`.`Дата возврата` is null) ;
